{
  "displayName": "CSS Standard Event Tracking",
  "name": "css-standard-event-tracking",
  "platform": "web",
  "version": "1.0.0",
  "description": "Track standardized links on your web property, based on CSS Tracking Standards",
  "author": {
    "name": "Patrick Hegnauer"
  },
  "viewBasePath": "src/view/",
  "configuration": {
    "viewPath": "configuration/configuration.html",
    "schema": {
      "$schema": "http://json-schema.org/draft-04/schema#",
      "type": "object",
      "properties": {}
    }
  },
  "conditions": [
    {
      "displayName": "Standard Event Tracking",
      "name": "standard-event-tracking",
      "schema": {
        "$schema": "http://json-schema.org/draft-04/schema#",
        "type": "object",
        "properties": {}
      },
      "libPath": "src/lib/conditions/standardEventTracking.js"
    }
  ],
  "dataElements": [
    {
      "displayName": "Event Category",
      "name": "event-category",
      "schema": {
        "$schema": "http://json-schema.org/draft-04/schema#",
        "type": "object",
        "properties": {}
      },
      "libPath": "src/lib/dataElements/eventCategory.js"
    },
    {
      "displayName": "Event Action",
      "name": "event-action",
      "schema": {
        "$schema": "http://json-schema.org/draft-04/schema#",
        "type": "object",
        "properties": {}
      },
      "libPath": "src/lib/dataElements/eventAction.js"
    },
    {
      "displayName": "Event Label",
      "name": "event-label",
      "schema": {
        "$schema": "http://json-schema.org/draft-04/schema#",
        "type": "object",
        "properties": {}
      },
      "libPath": "src/lib/dataElements/eventLabel.js"
    },
    {
      "displayName": "Event Target Hostname",
      "name": "event-target-hostname",
      "schema": {
        "$schema": "http://json-schema.org/draft-04/schema#",
        "type": "object",
        "properties": {}
      },
      "libPath": "src/lib/dataElements/eventTargetHostname.js"
    },
    {
      "displayName": "Event Target URL",
      "name": "event-target-url",
      "schema": {
        "$schema": "http://json-schema.org/draft-04/schema#",
        "type": "object",
        "properties": {}
      },
      "libPath": "src/lib/dataElements/eventTargetUrl.js"
    },
    {
      "displayName": "Event Target Path",
      "name": "event-target-path",
      "schema": {
        "$schema": "http://json-schema.org/draft-04/schema#",
        "type": "object",
        "properties": {}
      },
      "libPath": "src/lib/dataElements/eventTargetPath.js"
    },
    {
      "displayName": "Event Target QueryString",
      "name": "event-target-querystring",
      "schema": {
        "$schema": "http://json-schema.org/draft-04/schema#",
        "type": "object",
        "properties": {}
      },
      "libPath": "src/lib/dataElements/eventTargetQuerystring.js"
    }
  ]
}
